{
    "name": "Global Information",
    "numberOfRequests": {
        "total": 1165,
        "ok": 1159,
        "ko": 6
    },
    "minResponseTime": {
        "total": 5,
        "ok": 5,
        "ko": 60001
    },
    "maxResponseTime": {
        "total": 60015,
        "ok": 42308,
        "ko": 60015
    },
    "meanResponseTime": {
        "total": 1521,
        "ok": 1218,
        "ko": 60010
    },
    "standardDeviation": {
        "total": 5473,
        "ok": 3508,
        "ko": 5
    },
    "percentiles1": {
        "total": 1235,
        "ok": 1226,
        "ko": 60013
    },
    "percentiles2": {
        "total": 1602,
        "ok": 1595,
        "ko": 60014
    },
    "percentiles3": {
        "total": 2274,
        "ok": 2190,
        "ko": 60015
    },
    "percentiles4": {
        "total": 38418,
        "ok": 12678,
        "ko": 60015
    },
    "group1": {
    "name": "t < 3000 ms",
    "count": 1122,
    "percentage": 96
},
    "group2": {
    "name": "3000 ms < t < 3000 ms",
    "count": 0,
    "percentage": 0
},
    "group3": {
    "name": "t > 3000 ms",
    "count": 37,
    "percentage": 3
},
    "group4": {
    "name": "failed",
    "count": 6,
    "percentage": 1
},
    "meanNumberOfRequestsPerSecond": {
        "total": 6.297297297297297,
        "ok": 6.264864864864865,
        "ko": 0.032432432432432434
    }
}